{
    "5e365885-3672-4d76-89f3-5731fd341ab9.jpg": {
        "发票代码": "131001960801",
        "发票号码": "01875172",
        "金额": "壹拾元"
    },
	"5e365885-3672-4d76-89f3-5731fd341ab9.jpg": {
        "发票代码": "131001960801",
        "发票号码": "01875172",
        "金额": "壹拾元"
    },
	"5e365885-3672-4d76-89f3-5731fd341ab9.jpg": {
        "发票代码": "131001960801",
        "发票号码": "01875172",
        "金额": "壹拾元"
    },
	"5e365885-3672-4d76-89f3-5731fd341ab9.jpg": {
        "发票代码": "131001960801",
        "发票号码": "01875172",
        "金额": "壹拾元"
    },
	"5e365885-3672-4d76-89f3-5731fd341ab9.jpg": {
        "发票代码": "131001960801",
        "发票号码": "01875172",
        "金额": "壹拾元"
    },
	"5e365885-3672-4d76-89f3-5731fd341ab9.jpg": {
        "发票代码": "131001960801",
        "发票号码": "01875172",
        "金额": "壹拾元"
    }
	
}